[{"model": "totem.mapzone", "pk": 1, "fields": {"title": "<p>Accoglienza</p>", "color": "#ff0000", "floor": "-1", "tag": "A", "description": ""}}, {"model": "totem.mapzone", "pk": 2, "fields": {"title": "<p>Si. Con. Te</p>", "color": "#7a3935", "floor": "-1", "tag": "B", "description": ""}}, {"model": "totem.mapzone", "pk": 4, "fields": {"title": "<p>Elimina Code</p>", "color": "#4848ec", "floor": "-1", "tag": "EC", "description": ""}}, {"model": "totem.mapzone", "pk": 5, "fields": {"title": "<p>Postazione PC</p>", "color": "#133de0", "floor": "-1", "tag": "PC", "description": ""}}, {"model": "totem.mapzone", "pk": 12, "fields": {"title": "<p>Colloqui</p>", "color": "#b7ea26", "floor": "-1", "tag": "C", "description": "<p>Zona Colloqui</p>"}}, {"model": "totem.mapzone", "pk": 13, "fields": {"title": "<p>Servizio Preselezione</p>", "color": "#000000", "floor": "-1", "tag": "D", "description": "<p>Servizio Preselezione</p>"}}, {"model": "totem.mapzone", "pk": 14, "fields": {"title": "<p>Ufficio Responsabile</p>", "color": "#000000", "floor": "-1", "tag": "E", "description": ""}}, {"model": "totem.mapzone", "pk": 15, "fields": {"title": "<p>Attivit&agrave; di Back Office</p>", "color": "#000000", "floor": "-1", "tag": "F", "description": ""}}, {"model": "totem.mapzone", "pk": 16, "fields": {"title": "<p>Servizio Imprese</p>", "color": "#000000", "floor": "-1", "tag": "G", "description": ""}}, {"model": "totem.mapzone", "pk": 17, "fields": {"title": "<p>Sala Riunioni</p>", "color": "#000000", "floor": "-1", "tag": "SR", "description": ""}}, {"model": "totem.mapzone", "pk": 18, "fields": {"title": "<p>Servizio Tirocini</p>", "color": "#e78316", "floor": "-1", "tag": "H", "description": ""}}, {"model": "totem.area", "pk": 1, "fields": {"title": "<p>ACCOGLIENZA INFORMAZIONI</p>", "color": "#000000", "office": null, "image": null, "created_at": "2020-01-22T11:15:13.094Z", "updated_at": "2020-01-22T11:15:13.094Z"}}, {"model": "totem.area", "pk": 2, "fields": {"title": "<p>COLLOQUI INDIVIDUALI</p>", "color": "#000000", "office": null, "image": null, "created_at": "2020-01-22T11:15:28.206Z", "updated_at": "2020-01-22T11:15:28.206Z"}}, {"model": "totem.area", "pk": 3, "fields": {"title": "<p>LABORATORI DI GRUPPO</p>", "color": "#000000", "office": null, "image": null, "created_at": "2020-01-22T11:15:44.504Z", "updated_at": "2020-01-22T11:15:44.504Z"}}, {"model": "totem.area", "pk": 4, "fields": {"title": "<p>SERVIZIO INCONTRO DOMANDA OFFERTA</p>", "color": "#000000", "office": null, "image": null, "created_at": "2020-01-22T11:16:03.876Z", "updated_at": "2020-01-22T11:16:03.876Z"}}, {"model": "totem.area", "pk": 5, "fields": {"title": "<p>ATTIVAZIONE TIROCINI</p>", "color": "#000000", "office": null, "image": null, "created_at": "2020-01-22T11:16:17.337Z", "updated_at": "2020-01-22T11:16:17.337Z"}}, {"model": "totem.informations", "pk": 7, "fields": {"where": 1, "when": "<p>Da Luned&igrave; a Venerd&igrave; dall 9.00 alle 13.00</p>", "how": "<div>\r\n<p style=\"margin-left:0px\"><span style=\"color:#000000\">PRENDERE LA LETTERA </span><strong>A</strong>\u200b<span style=\"color:#000000\"> DALL&rsquo;ELIMINACODE</span><strong>&nbsp;</strong><span style=\"color:#000000\"> </span><span style=\"color:#000000\">ASPETTARE IL PROPRIO TURNO</span></p>\r\n</div>", "for_who": "<div>\r\n<p style=\"margin-left:0px\"><span style=\"color:#000000\">RIVOLTO A CHI CERCA </span><span style=\"color:#000000\">OPPORTUNIT&Agrave; DI LAVORO, </span><span style=\"color:#000000\">FORMAZIONE, ORIENTAMENTO</span>\u200b</p>\r\n</div>"}}, {"model": "totem.informations", "pk": 8, "fields": {"where": 12, "when": "<p>Su appuntamento</p>", "how": "<p>Attendere di esser chiamato</p>", "for_who": "<p>Rivolto a chi ha rilasciato una dichiarazione di immediata disponibilit&agrave; al lavoro</p>"}}, {"model": "totem.informations", "pk": 9, "fields": {"where": 17, "when": "<p>Nelle date ed orari previsti</p>", "how": "<p>Accesso diretto</p>", "for_who": "<p>Particolari categorie di soggetti oppure soggetti che ne facciano richiesta</p>"}}, {"model": "totem.informations", "pk": 10, "fields": {"where": 13, "when": "<p>Su convocazione del servizio</p>", "how": "<p>Contatti telefonici o per posta elettronica</p>", "for_who": "<p>Persone interessate a specifiche offerte di lavoro</p>"}}, {"model": "totem.informations", "pk": 11, "fields": {"where": 18, "when": "<p>Su convocazione del servizio</p>", "how": "<p>Contatti telefonici o per posta elettronica</p>", "for_who": "<p>Aziende e soggetti interessati ad avviare un tirocinio</p>"}}, {"model": "totem.content", "pk": 1, "fields": {"area": 1, "title": "<p>INFORMAZIONI \u200bDI BASE\u200b</p>", "text": "<p>&nbsp;&nbsp;&nbsp; All&rsquo;accoglienza l&rsquo;utente, in base alle proprie esigenze, pu&ograve;: \u200b</p>\r\n\r\n<p>&nbsp;&nbsp;&nbsp; - ricevere prime informazioni&nbsp; per accedere ad opportunit&agrave; di lavoro, formazione, orientamento\u200b</p>\r\n\r\n<p>&nbsp;&nbsp;&nbsp; - ricevere informazioni su procedure e pratiche da effettuare\u200b</p>\r\n\r\n<p>&nbsp;&nbsp;&nbsp; - essere rinviato ad altri servizi interni e/o esterni</p>", "image": null, "link": null, "link_caption": "continua", "lang": "it", "level": 1, "information": null, "created_at": "2020-01-22T14:39:59.256Z", "updated_at": "2020-01-22T14:39:59.256Z", "categories": [], "linked_contents": []}}, {"model": "totem.content", "pk": 2, "fields": {"area": 1, "title": "<p>PRENOTAZIONE APPUNTAMENTI</p>", "text": "<p>&nbsp;&nbsp;&nbsp; L&rsquo;operatore all&rsquo;accoglienza, su richiesta dell&rsquo;utente,&nbsp; provvede a fissare appuntamenti per:\u200b</p>\r\n\r\n<p>&nbsp;&nbsp;&nbsp; colloqui per richiedenti Naspi o DIS-COLL al fine di stipulare il patto di servizio personalizzato \u200b</p>\r\n\r\n<p>&nbsp;&nbsp;&nbsp; colloqui di presa in carico per chi ha rilasciato la Dichiarazione di Immediata Disponibilit&agrave; al lavoro (DID) online\u200b</p>\r\n\r\n<p>&nbsp;&nbsp;&nbsp; colloqui specialistici per inserimento curriculum nella banca dati del Centro per l&rsquo;Impiego\u200b</p>\r\n\r\n<p>&nbsp;&nbsp;&nbsp; laboratori per percettori di Naspi, che per giustificato motivo non abbiano potuto partecipare ad un laboratorio precedentemente concordato\u200b</p>", "image": null, "link": null, "link_caption": "continua", "lang": "it", "level": 1, "information": null, "created_at": "2020-01-26T15:09:18.175Z", "updated_at": "2020-01-26T15:09:18.175Z", "categories": [], "linked_contents": []}}, {"model": "totem.content", "pk": 24, "fields": {"area": 1, "title": "<p>Rilascio Certificati</p>", "text": "<div>\r\n<div>\r\n<p style=\"margin-left:0px\"><span style=\"color:#000000\">All&rsquo;accoglienza, presentando l&rsquo;apposito </span><span style=\"color:#000000\">modulo,&nbsp; l&rsquo;utente pu&ograve; chiedere il rilascio di:&nbsp;</span>\u200b</p>\r\n</div>\r\n\r\n<ul>\r\n\t<li>\r\n\t<p><span style=\"color:#000000\">attestato di stato occupazionale</span>\u200b</p>\r\n\t</li>\r\n\t<li>\r\n\t<p><span style=\"color:#000000\">scheda anagrafico &ndash; professionale</span>\u200b</p>\r\n\t</li>\r\n\t<li>\r\n\t<p><span style=\"color:#000000\">lista movimenti&nbsp;&nbsp;</span></p>\r\n\t</li>\r\n</ul>\r\n</div>\r\n\r\n<p>&nbsp;</p>\r\n\r\n<div>\r\n<p style=\"margin-left:0px\"><span style=\"color:#000000\">In alternativa &egrave; possibile chiedere il rilascio </span><span style=\"color:#000000\">di certificati anche online, inviando l&rsquo;</span><span style=\"color:#000000\">ap</span><span style=\"color:#000000\">_ </span><span style=\"color:#000000\">posito</span><span style=\"color:#000000\"> modulo di richiesta, debitamente </span><span style=\"color:#000000\">compilato con allegata una copia del </span><span style=\"color:#000000\">documento d&rsquo;identit&agrave;, all&rsquo;indirizzo e-mail: </span><span style=\"color:#000000\">cpi.trieste@regione.fvg.it</span>\u200b</p>\r\n</div>", "image": null, "link": null, "link_caption": "continua", "lang": "it", "level": 1, "information": 7, "created_at": "2020-01-27T14:54:23.956Z", "updated_at": "2020-01-27T14:54:23.956Z", "categories": [], "linked_contents": []}}, {"model": "totem.content", "pk": 25, "fields": {"area": 1, "title": "<p>Adempimenti per progetti speciali avviamento a selezione p.a.</p>", "text": "<div>\r\n<p style=\"margin-left:24px\">Le persone interessate ad opportunit&agrave; di lavoro con Cantieri di Lavoro, Lavori di Pubblica Utilit&agrave; (LPU), Lavori Socialmente Utili (LSU) o alle procedure di avviamento a selezione nella Pubblica Amministrazione (P.A.) possono rivolgersi all&rsquo;accoglienza per ricevere informazioni&nbsp;\u200b</p>\r\n\r\n<p style=\"margin-left:24px\">Chi volesse aderire a questi progetti e selezioni, deve&nbsp; presentarsi all&rsquo;accoglienza nelle date indicate in appositi avvisi&nbsp;&nbsp;&nbsp;&nbsp;\u200b</p>\r\n</div>", "image": null, "link": null, "link_caption": "continua", "lang": "it", "level": 1, "information": 7, "created_at": "2020-01-27T14:55:20.237Z", "updated_at": "2020-01-27T14:56:28.493Z", "categories": [], "linked_contents": []}}, {"model": "totem.content", "pk": 26, "fields": {"area": 1, "title": "<p><em>CANTIERI DI LAVORO</em></p>", "text": "<div>\r\n<p style=\"margin-left:0px\"><span style=\"color:#000000\">Sono l&rsquo;inserimento lavorativo di soggetti </span><span style=\"color:#000000\">disoccupati, in attivit&agrave; temporanee e </span><span style=\"color:#000000\">straordinarie poste in essere da Comuni o loro </span><span style=\"color:#000000\">forme associative in ambito forestale e </span><span style=\"color:#000000\">vivaistico, di rimboschimento, di sistemazione </span><span style=\"color:#000000\">montana e di costruzione di opere di pubblica </span><span style=\"color:#000000\">utilit&agrave;, dirette al miglioramento dell&rsquo;ambiente e </span><span style=\"color:#000000\">degli spazi urbani</span>\u200b</p>\r\n</div>", "image": null, "link": null, "link_caption": "continua", "lang": "it", "level": 2, "information": null, "created_at": "2020-01-27T14:55:52.229Z", "updated_at": "2020-01-27T14:55:52.229Z", "categories": [], "linked_contents": [25]}}, {"model": "totem.content", "pk": 27, "fields": {"area": 1, "title": "<p>Lavori di pubblica utilit&agrave;</p>", "text": "<div>\r\n<p style=\"margin-left:0px\"><em>Sono attivit&agrave;, puntualmente definite in appositi </em><em>avvisi, caratterizzate dalla straordinariet&agrave;, </em><em>occasionalit&agrave; e temporaneit&agrave;, non rientranti </em><em>nell&rsquo;ordinaria attivit&agrave; amministrativa, </em><em>indivi</em><em>_ </em><em>duate</em><em> dalle Amministrazioni Pubbliche nella </em><em>definizione del progetto, che hanno per oggetto </em><em>lo svolgimento di attivit&agrave; lavorative di interesse </em><em>generale</em>\u200b</p>\r\n</div>", "image": null, "link": null, "link_caption": "continua", "lang": "it", "level": 2, "information": null, "created_at": "2020-01-27T14:57:24.861Z", "updated_at": "2020-01-27T14:57:24.861Z", "categories": [], "linked_contents": [25]}}, {"model": "totem.content", "pk": 28, "fields": {"area": 1, "title": "<p><em>LAVORI SOCIALMENTE UTILI</em></p>", "text": "<div>\r\n<p style=\"margin-left:0px\"><span style=\"color:#000000\">Si riferiscono a tutte quelle attivit&agrave; che </span><span style=\"color:#000000\">l&rsquo;Amministrazione Pubblica pone in essere </span><span style=\"color:#000000\">al fine di migliorare la qualit&agrave; della vita, </span><span style=\"color:#000000\">dell&rsquo;ambiente, degli spazi urbani e del </span><span style=\"color:#000000\">territorio, nonch&eacute; le attivit&agrave; poste in essere </span><span style=\"color:#000000\">per migliorare la qualit&agrave; delle prestazioni e </span><span style=\"color:#000000\">dei servizi offerti</span>\u200b</p>\r\n</div>", "image": null, "link": null, "link_caption": "continua", "lang": "it", "level": 2, "information": null, "created_at": "2020-01-27T14:57:59.063Z", "updated_at": "2020-01-27T14:57:59.064Z", "categories": [], "linked_contents": [25]}}, {"model": "totem.content", "pk": 29, "fields": {"area": 1, "title": "<p>AVVIAMENTO A SELEZIONE NELLA \u200bPUBBLICA AMMINISTRAZIONE\u200b</p>", "text": "<p><span style=\"color:#000000\">Sono assunzioni di personale realizzate dalla Pubblica </span><span style=\"color:#000000\">Amministrazione o da Enti pubblici con rapporto a </span><span style=\"color:#000000\">tempo indeterminato o determinato, a tempo pieno </span><span style=\"color:#000000\">o parziale, per qualifiche, categorie o profili </span><span style=\"color:#000000\">professionali per l&rsquo;accesso ai quali occorre il possesso </span><span style=\"color:#000000\">del titolo di studio non superiore a quello della </span><span style=\"color:#000000\">scuola dell&rsquo;obbligo e, se richiesto, di una specifica </span><span style=\"color:#000000\">professionalit&agrave;</span></p>", "image": null, "link": null, "link_caption": "continua", "lang": "it", "level": 2, "information": null, "created_at": "2020-01-27T14:58:30.274Z", "updated_at": "2020-01-27T14:58:30.274Z", "categories": [], "linked_contents": [25]}}, {"model": "totem.content", "pk": 30, "fields": {"area": 1, "title": "<p>Ritiro Autocandidature</p>", "text": "<div>\r\n<p style=\"margin-left:24px\">Le persone prive di strumenti informatici possono comunque aderire alle offerte pubblicate dal Centro per l&rsquo;Impiego, consegnando il proprio curriculum in formato cartaceo all&rsquo;accoglienza, indicando all&rsquo;operatore il codice della specifica offerta alla quale vogliono aderire&nbsp;\u200b</p>\r\n\r\n<p style=\"margin-left:24px\">L&rsquo;operatore rilascia quindi la ricevuta di adesione all&rsquo;autocandidatura&nbsp;&nbsp;&nbsp;&nbsp;&nbsp;</p>\r\n</div>", "image": null, "link": null, "link_caption": "continua", "lang": "it", "level": 1, "information": null, "created_at": "2020-01-27T14:59:09.141Z", "updated_at": "2020-01-27T14:59:09.141Z", "categories": [], "linked_contents": []}}, {"model": "totem.content", "pk": 31, "fields": {"area": 1, "title": "<p>Assistenza Informatica</p>", "text": "<p style=\"margin-left:24px\">Chiunque avesse problemi nell&rsquo;utilizzo di strumenti informatici o ne fosse privo, pu&ograve; accedere, in orario di apertura al pubblico, a due postazione di pc per l&rsquo;effettuazione di qualsiasi procedura telematica\u200b</p>\r\n\r\n<p style=\"margin-left:24px\">Un operatore del Centro per l&rsquo;Impiego &egrave; a disposizione degli utenti, per supportarli nelle varie procedure informatiche&nbsp;&nbsp;</p>", "image": null, "link": null, "link_caption": "continua", "lang": "it", "level": 1, "information": null, "created_at": "2020-01-27T14:59:40.321Z", "updated_at": "2020-01-27T14:59:40.321Z", "categories": [], "linked_contents": []}}, {"model": "totem.content", "pk": 32, "fields": {"area": 2, "title": "<p>Colloquio di base</p>", "text": "<div>\r\n<p style=\"margin-left:24px\">Durante il primo colloquio di base viene formalizzata la presa in carico dell&rsquo;utente da parte del Centro per l&rsquo;Impiego\u200b</p>\r\n\r\n<p style=\"margin-left:24px\">Ci&ograve; avviene con la stipula del Patto di Servizio Personalizzato, che l&rsquo;utente &egrave; tenuto a sottoscrivere, a conferma della Dichiarazione di Immediata Disponibilit&agrave; al lavoro (DID)&nbsp;\u200b</p>\r\n\r\n<div>\r\n<p style=\"margin-left:24px\">Contestualmente vengono inserite nel Piano di Azione Individuale (PAI), le azioni di politica attiva che il soggetto concorda con il Centro per l&rsquo;Impieg</p>\r\n</div>\r\n</div>", "image": null, "link": null, "link_caption": "continua", "lang": "it", "level": 1, "information": null, "created_at": "2020-01-27T15:00:52.953Z", "updated_at": "2020-01-27T15:00:52.953Z", "categories": [], "linked_contents": []}}, {"model": "totem.content", "pk": 33, "fields": {"area": 2, "title": "<p>Patto di servizio personalizzato</p>", "text": "<div>\r\n<p style=\"margin-left:0px\"><span style=\"color:#000000\">&Egrave; un accordo in forma scritta tra il </span><span style=\"color:#000000\">soggetto che ha rilasciato la Dichiarazione </span><span style=\"color:#000000\">di Immediata Disponibilit&agrave; al lavoro (DID) </span><span style=\"color:#000000\">e il Centro per l&rsquo;Impiego, con cui si </span><span style=\"color:#000000\">concordano gli impegni reciproci per la </span><span style=\"color:#000000\">ricerca attiva di lavoro</span>\u200b</p>\r\n</div>", "image": null, "link": null, "link_caption": "continua", "lang": "it", "level": 2, "information": null, "created_at": "2020-01-27T15:02:13.576Z", "updated_at": "2020-01-27T15:02:13.576Z", "categories": [], "linked_contents": [32]}}, {"model": "totem.content", "pk": 34, "fields": {"area": 2, "title": "<p>Piano di azione individuale</p>", "text": "<div>\r\n<p style=\"margin-left:0px\"><span style=\"color:#000000\">Nel Piano di Azione Individuale </span><span style=\"color:#000000\">(PAI) vengono inserite ed elencate&nbsp; </span><span style=\"color:#000000\">tutte le azioni concordate con il </span><span style=\"color:#000000\">Centro per l&rsquo;Impiego</span>\u200b</p>\r\n</div>\r\n\r\n<div>\r\n<p style=\"margin-left:0px\">\u200b<span style=\"color:#000000\">Il PAI viene aggiornato nel corso </span><span style=\"color:#000000\">del tempo</span>\u200b</p>\r\n</div>\r\n\r\n<div>\r\n<p style=\"margin-left:0px\">&nbsp;</p>\r\n</div>", "image": null, "link": null, "link_caption": "continua", "lang": "it", "level": 2, "information": null, "created_at": "2020-01-27T15:02:51.201Z", "updated_at": "2020-01-27T15:02:51.201Z", "categories": [], "linked_contents": [32]}}, {"model": "totem.content", "pk": 35, "fields": {"area": 2, "title": "<p>Colloquio specialistico di inserimento cv</p>", "text": "<div>\r\n<p style=\"margin-left:24px\">&Egrave; un colloquio di orientamento specialistico durante il quale viene creato un curriculum vitae\u200b</p>\r\n\r\n<p style=\"margin-left:24px\">L&rsquo;inserimento e l&rsquo;attivazione del curriculum nella banca dati del Centro per l&rsquo;Impiego sono funzionali ad una successiva estrazione, finalizzata a ricercare candidati per una specifica offerta di lavoro&nbsp;&nbsp;\u200b</p>\r\n\r\n<div>\r\n<p style=\"margin-left:24px\"><strong>Il curriculum resta attivo per 1 anno</strong></p>\r\n</div>\r\n</div>", "image": null, "link": null, "link_caption": "continua", "lang": "it", "level": 1, "information": null, "created_at": "2020-01-27T15:03:40.307Z", "updated_at": "2020-01-27T15:03:40.307Z", "categories": [], "linked_contents": []}}, {"model": "totem.content", "pk": 36, "fields": {"area": 2, "title": "<p>Aggiornamento piano di azione idividuale e cv</p>", "text": "<p>&Egrave; un colloquio durante il quale una persona pu&ograve; chiedere:\u200b</p>\r\n\r\n<div>\r\n<p style=\"margin-left:24px\">- aggiornamento curriculum vitae\u200b</p>\r\n</div>\r\n\r\n<div>\r\n<p style=\"margin-left:24px\">- cambio/integrazione misure formative e politiche attive&nbsp;</p>\r\n</div>", "image": null, "link": null, "link_caption": "continua", "lang": "it", "level": 1, "information": null, "created_at": "2020-01-27T15:04:17.496Z", "updated_at": "2020-01-27T15:04:17.496Z", "categories": [], "linked_contents": []}}, {"model": "totem.content", "pk": 37, "fields": {"area": 3, "title": "<p>Laboratorio di base</p>", "text": "<p>Il Centro per l&rsquo;Impiego organizza laboratori specifici per particolari categorie di utenti:\u200b</p>\r\n\r\n<div>\r\n<p style=\"margin-left:24px\">- percettori di Naspi e di ammortizzatori sociali\u200b</p>\r\n</div>\r\n\r\n<div>\r\n<p style=\"margin-left:24px\">- percettori della MIA/REI\u200b</p>\r\n</div>\r\n\r\n<div>\r\n<p style=\"margin-left:24px\">- persone che hanno aderito al progetto Pipol\u200b</p>\r\n</div>\r\n\r\n<div>\r\n<p style=\"margin-left:24px\">Nel corso di questi laboratori vengono fornite agli utenti informazioni di base (i servizi erogati dal Centro per l&rsquo;Impiego, informazioni sul mercato del lavoro, tematiche generali di orientamento al lavoro,&hellip;.)</p>\r\n</div>", "image": null, "link": null, "link_caption": "continua", "lang": "it", "level": 1, "information": null, "created_at": "2020-01-27T15:04:54.424Z", "updated_at": "2020-01-27T15:04:54.424Z", "categories": [], "linked_contents": []}}, {"model": "totem.content", "pk": 38, "fields": {"area": 3, "title": "<p>Laboratorio Specialistico</p>", "text": "<div>\r\n<p style=\"margin-left:24px\">\u200b\u200bAl fine di trasmettere conoscenze e informazioni pi&ugrave; approfondite su tematiche attinenti alla ricerca attiva del lavoro vengono proposti dei momenti informativi a cui le persone possono aderire volontariamente\u200b</p>\r\n</div>\r\n\r\n<div>\r\n<p style=\"margin-left:24px\">Gli argomenti trattati sono:\u200b</p>\r\n</div>\r\n\r\n<div>\r\n<p style=\"margin-left:24px\">- curriculum vitae e lettera di presentazione&nbsp;\u200b</p>\r\n</div>\r\n\r\n<div>\r\n<p style=\"margin-left:24px\">- colloquio di lavoro\u200b</p>\r\n</div>\r\n\r\n<div>\r\n<p style=\"margin-left:24px\">- incentivi e contributi per assunzioni\u200b</p>\r\n</div>\r\n\r\n<div>\r\n<p style=\"margin-left:24px\">- tipologie contrattuali</p>\r\n</div>", "image": null, "link": null, "link_caption": "continua", "lang": "it", "level": 1, "information": null, "created_at": "2020-01-27T15:05:30.356Z", "updated_at": "2020-01-27T15:05:30.356Z", "categories": [], "linked_contents": []}}, {"model": "totem.content", "pk": 39, "fields": {"area": 3, "title": "<p>Percorsi di orientamento</p>", "text": "<p style=\"margin-left:24px\">Su richiesta di Scuole, Istituti, Licei, Universit&agrave;, Enti di formazione vengono proposti dei percorsi di orientamento anche al di fuori della sede del Centro per l&rsquo;Impiego&nbsp;&nbsp;\u200b</p>\r\n\r\n<div>\r\n<p style=\"margin-left:24px\">La Regione inoltre partecipa a iniziative, convegni, workshop, fiere dove il Centro per l&rsquo;Impiego &egrave; chiamato a presentare i propri servizi e a diffondere informazioni sugli strumenti per la ricerca attiva di lavoro</p>\r\n</div>", "image": null, "link": null, "link_caption": "continua", "lang": "it", "level": 1, "information": null, "created_at": "2020-01-27T15:07:51.252Z", "updated_at": "2020-01-27T15:07:51.252Z", "categories": [], "linked_contents": []}}, {"model": "totem.content", "pk": 40, "fields": {"area": 4, "title": "<p>Raccolta Candidature</p>", "text": "<div>\r\n<p style=\"margin-left:24px\">Chi fosse interessato ad una specifica offerta di lavoro, <strong>se in possesso dei requisiti richiesti dall&rsquo;azienda</strong>, pu&ograve; inviare il proprio curriculum vitae in autocandidatura, secondo le modalit&agrave; indicate in ciascuna offerta di lavoro pubblicata\u200b</p>\r\n</div>\r\n\r\n<div>\r\n<p style=\"margin-left:24px\">Il Servizio Preselezione del Centro per l&rsquo;Impiego pu&ograve;, altres&igrave;,&nbsp; individuare&nbsp; candidati per un&rsquo;offerta di lavoro, estraendo i curricula attivi nella banca dati del Centro per l&rsquo;Impiego&nbsp;</p>\r\n</div>", "image": null, "link": null, "link_caption": "continua", "lang": "it", "level": 1, "information": null, "created_at": "2020-01-27T15:08:25.866Z", "updated_at": "2020-01-27T15:08:46.616Z", "categories": [], "linked_contents": []}}, {"model": "totem.content", "pk": 41, "fields": {"area": 4, "title": "<p>Preselezione candidati</p>", "text": "<div>\r\n<p style=\"margin-left:24px\">Il Servizio Preselezione del Centro per l&rsquo;Impiego, su incarico dell&rsquo;azienda, effettua la preselezione dei candidati\u200b</p>\r\n\r\n<p style=\"margin-left:24px\">La preselezione &egrave; la fase che precede la&nbsp; selezione, nella quale, verificati i curricula vitae dei candidati, vengono individuati i soggetti che sono in possesso dei requisiti richiesti dall&rsquo;azienda\u200b</p>\r\n\r\n<div>\r\n<p style=\"margin-left:24px\">Una volta effettuata questa verifica, vengono inviati&nbsp; all&rsquo;azienda i curricula dei candidati risultati idonei</p>\r\n</div>\r\n</div>", "image": null, "link": null, "link_caption": "continua", "lang": "it", "level": 1, "information": null, "created_at": "2020-01-27T15:09:22.294Z", "updated_at": "2020-01-27T15:09:22.294Z", "categories": [], "linked_contents": []}}, {"model": "totem.content", "pk": 42, "fields": {"area": 4, "title": "<p>Selezione Candidati</p>", "text": "<div>\r\n<p style=\"margin-left:24px\">Il Servizio Preselezione del Centro per l&rsquo;Impiego pu&ograve; supportare le aziende anche nella fase selettiva dei candidati&nbsp;\u200b</p>\r\n\r\n<p style=\"margin-left:24px\">L&rsquo;azienda infatti pu&ograve; decidere di effettuare i colloqui di selezione indipendentemente o richiedere che avvengano presso il Centro per l&rsquo;impiego o altre location con l&rsquo;assistenza di un operatore specializzato</p>\r\n</div>", "image": null, "link": null, "link_caption": "continua", "lang": "it", "level": 1, "information": null, "created_at": "2020-01-27T15:09:48.973Z", "updated_at": "2020-01-27T15:09:48.973Z", "categories": [], "linked_contents": []}}, {"model": "totem.content", "pk": 43, "fields": {"area": 4, "title": "<p>Recruiting Day</p>", "text": "<div>\r\n<p style=\"margin-left:24px\">Sono eventi organizzati per il reclutamento di diverse figure professionali ricercate da aziende che usufruiscono dei servizi erogati dalla Regione Friuli Venezia Giulia, qualora il numero dei candidati sia elevato\u200b</p>\r\n\r\n<p style=\"margin-left:24px\">I candidati che hanno inviato il proprio curriculum in autocandidatura,&nbsp; durante il recruiting day, vengono sottoposti a selezione da parte dell&rsquo;azienda con la collaborazione del Servizio Preselezione del Centro per l&rsquo;Impieg</p>\r\n</div>", "image": null, "link": null, "link_caption": "continua", "lang": "it", "level": 1, "information": null, "created_at": "2020-01-27T15:10:24.489Z", "updated_at": "2020-01-27T15:10:24.489Z", "categories": [], "linked_contents": []}}, {"model": "totem.content", "pk": 44, "fields": {"area": 4, "title": "<p>Organizzazione Corsi di Formazione</p>", "text": "<div>\r\n<p style=\"margin-left:24px\">Il Servizio Preselezione del Centro per l&rsquo;Impiego organizza corsi di formazione, qualora ci sia un fabbisogno formativo da parte di un&rsquo;azienda che intende assumere personale\u200b</p>\r\n\r\n<p style=\"margin-left:24px\">Questi corsi di formazione vengono pubblicizzati tra le offerte di lavoro e le persone interessate a parteciparvi&nbsp; devono inviare il proprio curriculum in autocandidatura, attenendosi a quanto indicato nell&rsquo;avviso dell&rsquo;offerta pubblicata</p>\r\n</div>", "image": null, "link": null, "link_caption": "continua", "lang": "it", "level": 1, "information": null, "created_at": "2020-01-27T15:10:57.833Z", "updated_at": "2020-01-27T15:10:57.834Z", "categories": [], "linked_contents": []}}, {"model": "totem.content", "pk": 45, "fields": {"area": 5, "title": "<p>Tirocini Pipol</p>", "text": "<div>\r\n<p style=\"margin-left:24px\">Il Servizio Tirocini del Centro per l&rsquo;Impiego attiva tirocini extracurriculari finanziati dal Progetto Pipol (Garanzia Giovani/ Occupabilit&agrave;)\u200b</p>\r\n\r\n<p style=\"margin-left:24px\">Un soggetto interessato ad ospitare un tirocinante, deve contattare il Servizio Tirocini scrivendo all&rsquo;indirizzo e-mail:\u200b</p>\r\n\r\n<div>\r\n<p style=\"margin-left:24px\">&nbsp;tirocini.trieste@regione.fvg.it\u200b</p>\r\n</div>\r\n</div>", "image": null, "link": null, "link_caption": "continua", "lang": "it", "level": 1, "information": null, "created_at": "2020-01-27T15:11:30.194Z", "updated_at": "2020-01-27T15:11:30.194Z", "categories": [], "linked_contents": []}}, {"model": "totem.content", "pk": 46, "fields": {"area": 5, "title": "<p>Tirocini Pipol</p>", "text": "<div>\r\n<p style=\"margin-left:0px\"><span style=\"color:#000000\">Percorsi finalizzati all&rsquo;arricchimento delle conoscenze </span><span style=\"color:#000000\">e all&rsquo;acquisizione di competenze utili per favorire </span><span style=\"color:#000000\">l&rsquo;inserimento e il reinserimento nel mercato del </span><span style=\"color:#000000\">lavoro</span>\u200b</p>\r\n\r\n<p style=\"margin-left:0px\">&nbsp;</p>\r\n</div>\r\n\r\n<div>\r\n<p style=\"margin-left:0px\">\u200b<strong>Il tirocinio non &egrave; un contratto di lavoro </strong><span style=\"color:#000000\">e non </span><span style=\"color:#000000\">comporta la perdita dello stato di disoccupazione</span>\u200b</p>\r\n\r\n<p style=\"margin-left:0px\">&nbsp;</p>\r\n</div>\r\n\r\n<div>\r\n<p style=\"margin-left:0px\">\u200b<span style=\"color:#000000\">Al tirocinante spetta un&rsquo;indennit&agrave; di partecipazione, il </span><span style=\"color:#000000\">cui ammontare &egrave; rapportato alle ore di tirocinio </span><span style=\"color:#000000\">effettuate</span>\u200b</p>\r\n</div>\r\n\r\n<div>\r\n<p style=\"margin-left:0px\"><span style=\"color:#000000\">Una parte dell&rsquo;indennit&agrave; &egrave; finanziata dal Progetto </span><span style=\"color:#000000\">Pipol, una parte &egrave; a carico del soggetto ospitante</span></p>\r\n</div>", "image": null, "link": null, "link_caption": "continua", "lang": "it", "level": 2, "information": null, "created_at": "2020-01-27T15:12:25.041Z", "updated_at": "2020-01-27T15:12:25.041Z", "categories": [], "linked_contents": [45]}}, {"model": "totem.content", "pk": 47, "fields": {"area": 5, "title": "<p>Tirocini Extracurriculari</p>", "text": "<div>\r\n<p style=\"margin-left:24px\">Il Servizio Tirocini del Centro per l&rsquo;Impiego attiva tirocini extracurriculari\u200b</p>\r\n\r\n<p style=\"margin-left:24px\">Un soggetto interessato ad ospitare un tirocinante, deve contattare il Servizio Tirocini scrivendo all&rsquo;indirizzo e-mail:\u200b</p>\r\n\r\n<div>\r\n<p style=\"margin-left:24px\">tirocini.trieste@regione.fvg.it</p>\r\n</div>\r\n</div>", "image": null, "link": null, "link_caption": "continua", "lang": "it", "level": 1, "information": null, "created_at": "2020-01-27T15:13:05.469Z", "updated_at": "2020-01-27T15:13:05.469Z", "categories": [], "linked_contents": []}}, {"model": "totem.content", "pk": 48, "fields": {"area": 5, "title": "<p>Tirocini Extracurricolari</p>", "text": "<div>\r\n<p style=\"margin-left:0px\"><span style=\"color:#000000\">Percorsi finalizzati all&rsquo;arricchimento delle conoscenze </span><span style=\"color:#000000\">e all&rsquo;acquisizione di competenze professionali per </span><span style=\"color:#000000\">agevolare le scelte professionali di chi ha terminato </span><span style=\"color:#000000\">un percorso di studi o facilitare l&rsquo;inserimento e&nbsp; il </span><span style=\"color:#000000\">reinserimento di chi cerca lavoro</span>\u200b</p>\r\n</div>\r\n\r\n<div>\r\n<p style=\"margin-left:0px\">\u200b<strong>Il tirocinio non &egrave; un contratto di lavoro </strong><span style=\"color:#000000\">e non </span><span style=\"color:#000000\">comporta la perdita dello stato di disoccupazione</span>\u200b</p>\r\n</div>\r\n\r\n<div>\r\n<p style=\"margin-left:0px\">\u200b<span style=\"color:#000000\">Al tirocinante spetta un&rsquo;indennit&agrave; minima di </span><span style=\"color:#000000\">partecipazione da 300 &euro; (20 ore settimanali) a 500 &euro; </span><span style=\"color:#000000\">(40 ore settimanali) a carico del soggetto ospitante</span></p>\r\n</div>", "image": null, "link": null, "link_caption": "continua", "lang": "it", "level": 2, "information": null, "created_at": "2020-01-27T15:13:37.852Z", "updated_at": "2020-01-27T15:13:37.852Z", "categories": [], "linked_contents": [47]}}, {"model": "totem.useraction", "pk": 1, "fields": {"session_id": "po54z5n9b4bhheew0n1dbr0sr0m36he9", "content_id": -1, "information_id": -1, "mapzone_id": -1, "created_at": "2020-01-23T21:39:57.114Z", "updated_at": "2020-01-23T21:39:57.114Z"}}, {"model": "totem.useraction", "pk": 2, "fields": {"session_id": "po54z5n9b4bhheew0n1dbr0sr0m36he9", "content_id": 1, "information_id": -1, "mapzone_id": -1, "created_at": "2020-01-23T21:40:03.718Z", "updated_at": "2020-01-23T21:40:03.718Z"}}, {"model": "totem.useraction", "pk": 3, "fields": {"session_id": "po54z5n9b4bhheew0n1dbr0sr0m36he9", "content_id": 1, "information_id": -1, "mapzone_id": -1, "created_at": "2020-01-23T21:40:40.456Z", "updated_at": "2020-01-23T21:40:40.456Z"}}, {"model": "totem.useraction", "pk": 4, "fields": {"session_id": "po54z5n9b4bhheew0n1dbr0sr0m36he9", "content_id": 1, "information_id": -1, "mapzone_id": -1, "created_at": "2020-01-23T21:40:43.927Z", "updated_at": "2020-01-23T21:40:43.927Z"}}, {"model": "totem.useraction", "pk": 5, "fields": {"session_id": "po54z5n9b4bhheew0n1dbr0sr0m36he9", "content_id": 1, "information_id": -1, "mapzone_id": -1, "created_at": "2020-01-23T21:40:44.701Z", "updated_at": "2020-01-23T21:40:44.701Z"}}, {"model": "totem.useraction", "pk": 6, "fields": {"session_id": "po54z5n9b4bhheew0n1dbr0sr0m36he9", "content_id": 1, "information_id": -1, "mapzone_id": -1, "created_at": "2020-01-23T21:40:44.990Z", "updated_at": "2020-01-23T21:40:44.990Z"}}, {"model": "totem.useraction", "pk": 7, "fields": {"session_id": "po54z5n9b4bhheew0n1dbr0sr0m36he9", "content_id": 1, "information_id": -1, "mapzone_id": -1, "created_at": "2020-01-23T21:40:45.197Z", "updated_at": "2020-01-23T21:40:45.197Z"}}, {"model": "totem.useraction", "pk": 8, "fields": {"session_id": "po54z5n9b4bhheew0n1dbr0sr0m36he9", "content_id": 1, "information_id": -1, "mapzone_id": -1, "created_at": "2020-01-23T21:40:45.394Z", "updated_at": "2020-01-23T21:40:45.394Z"}}, {"model": "totem.useraction", "pk": 9, "fields": {"session_id": "po54z5n9b4bhheew0n1dbr0sr0m36he9", "content_id": 1, "information_id": -1, "mapzone_id": -1, "created_at": "2020-01-23T21:40:45.585Z", "updated_at": "2020-01-23T21:40:45.585Z"}}, {"model": "totem.useraction", "pk": 10, "fields": {"session_id": "po54z5n9b4bhheew0n1dbr0sr0m36he9", "content_id": 1, "information_id": -1, "mapzone_id": -1, "created_at": "2020-01-23T21:40:45.802Z", "updated_at": "2020-01-23T21:40:45.802Z"}}, {"model": "totem.useraction", "pk": 11, "fields": {"session_id": "po54z5n9b4bhheew0n1dbr0sr0m36he9", "content_id": 1, "information_id": -1, "mapzone_id": -1, "created_at": "2020-01-23T21:40:45.988Z", "updated_at": "2020-01-23T21:40:45.988Z"}}, {"model": "totem.useraction", "pk": 12, "fields": {"session_id": "po54z5n9b4bhheew0n1dbr0sr0m36he9", "content_id": -1, "information_id": -1, "mapzone_id": -1, "created_at": "2020-01-25T10:23:47.887Z", "updated_at": "2020-01-25T10:23:47.887Z"}}, {"model": "totem.useraction", "pk": 13, "fields": {"session_id": "po54z5n9b4bhheew0n1dbr0sr0m36he9", "content_id": 1, "information_id": -1, "mapzone_id": -1, "created_at": "2020-01-25T10:23:51.206Z", "updated_at": "2020-01-25T10:23:51.206Z"}}, {"model": "totem.useraction", "pk": 14, "fields": {"session_id": "po54z5n9b4bhheew0n1dbr0sr0m36he9", "content_id": -1, "information_id": -1, "mapzone_id": -1, "created_at": "2020-01-26T15:00:38.998Z", "updated_at": "2020-01-26T15:00:38.998Z"}}, {"model": "totem.useraction", "pk": 15, "fields": {"session_id": "po54z5n9b4bhheew0n1dbr0sr0m36he9", "content_id": 1, "information_id": -1, "mapzone_id": -1, "created_at": "2020-01-26T15:00:41.260Z", "updated_at": "2020-01-26T15:00:41.260Z"}}, {"model": "totem.useraction", "pk": 16, "fields": {"session_id": "po54z5n9b4bhheew0n1dbr0sr0m36he9", "content_id": 1, "information_id": -1, "mapzone_id": -1, "created_at": "2020-01-26T15:00:44.751Z", "updated_at": "2020-01-26T15:00:44.751Z"}}, {"model": "totem.useraction", "pk": 17, "fields": {"session_id": "po54z5n9b4bhheew0n1dbr0sr0m36he9", "content_id": 1, "information_id": -1, "mapzone_id": -1, "created_at": "2020-01-26T15:00:46.251Z", "updated_at": "2020-01-26T15:00:46.251Z"}}, {"model": "totem.useraction", "pk": 18, "fields": {"session_id": "po54z5n9b4bhheew0n1dbr0sr0m36he9", "content_id": 1, "information_id": -1, "mapzone_id": -1, "created_at": "2020-01-26T15:00:47.209Z", "updated_at": "2020-01-26T15:00:47.209Z"}}, {"model": "totem.useraction", "pk": 19, "fields": {"session_id": "po54z5n9b4bhheew0n1dbr0sr0m36he9", "content_id": 1, "information_id": -1, "mapzone_id": -1, "created_at": "2020-01-26T15:00:47.815Z", "updated_at": "2020-01-26T15:00:47.815Z"}}, {"model": "totem.useraction", "pk": 20, "fields": {"session_id": "po54z5n9b4bhheew0n1dbr0sr0m36he9", "content_id": 1, "information_id": -1, "mapzone_id": -1, "created_at": "2020-01-26T15:00:48.299Z", "updated_at": "2020-01-26T15:00:48.299Z"}}, {"model": "totem.useraction", "pk": 21, "fields": {"session_id": "po54z5n9b4bhheew0n1dbr0sr0m36he9", "content_id": 1, "information_id": -1, "mapzone_id": -1, "created_at": "2020-01-26T15:00:48.689Z", "updated_at": "2020-01-26T15:00:48.689Z"}}, {"model": "totem.useraction", "pk": 22, "fields": {"session_id": "po54z5n9b4bhheew0n1dbr0sr0m36he9", "content_id": 1, "information_id": -1, "mapzone_id": -1, "created_at": "2020-01-26T15:00:49.050Z", "updated_at": "2020-01-26T15:00:49.050Z"}}, {"model": "totem.useraction", "pk": 23, "fields": {"session_id": "po54z5n9b4bhheew0n1dbr0sr0m36he9", "content_id": 1, "information_id": -1, "mapzone_id": -1, "created_at": "2020-01-26T15:00:49.401Z", "updated_at": "2020-01-26T15:00:49.401Z"}}, {"model": "totem.useraction", "pk": 24, "fields": {"session_id": "po54z5n9b4bhheew0n1dbr0sr0m36he9", "content_id": 1, "information_id": -1, "mapzone_id": -1, "created_at": "2020-01-26T15:01:04.337Z", "updated_at": "2020-01-26T15:01:04.337Z"}}, {"model": "totem.useraction", "pk": 25, "fields": {"session_id": "po54z5n9b4bhheew0n1dbr0sr0m36he9", "content_id": -1, "information_id": -1, "mapzone_id": -1, "created_at": "2020-01-26T15:19:05.633Z", "updated_at": "2020-01-26T15:19:05.633Z"}}, {"model": "totem.useraction", "pk": 26, "fields": {"session_id": "po54z5n9b4bhheew0n1dbr0sr0m36he9", "content_id": 2, "information_id": -1, "mapzone_id": -1, "created_at": "2020-01-26T15:19:07.126Z", "updated_at": "2020-01-26T15:19:07.126Z"}}, {"model": "totem.useraction", "pk": 27, "fields": {"session_id": "po54z5n9b4bhheew0n1dbr0sr0m36he9", "content_id": 2, "information_id": -1, "mapzone_id": -1, "created_at": "2020-01-26T15:19:08.543Z", "updated_at": "2020-01-26T15:19:08.543Z"}}, {"model": "totem.useraction", "pk": 28, "fields": {"session_id": "po54z5n9b4bhheew0n1dbr0sr0m36he9", "content_id": 1, "information_id": -1, "mapzone_id": -1, "created_at": "2020-01-26T15:19:12.610Z", "updated_at": "2020-01-26T15:19:12.610Z"}}, {"model": "totem.useraction", "pk": 29, "fields": {"session_id": "po54z5n9b4bhheew0n1dbr0sr0m36he9", "content_id": 1, "information_id": -1, "mapzone_id": -1, "created_at": "2020-01-26T15:58:04.698Z", "updated_at": "2020-01-26T15:58:04.698Z"}}, {"model": "totem.useraction", "pk": 695, "fields": {"session_id": "po54z5n9b4bhheew0n1dbr0sr0m36he9", "content_id": -1, "information_id": -1, "mapzone_id": -1, "created_at": "2020-01-27T11:03:36.299Z", "updated_at": "2020-01-27T11:03:36.299Z"}}, {"model": "totem.useraction", "pk": 696, "fields": {"session_id": "po54z5n9b4bhheew0n1dbr0sr0m36he9", "content_id": 1, "information_id": -1, "mapzone_id": -1, "created_at": "2020-01-27T11:03:45.452Z", "updated_at": "2020-01-27T11:03:45.452Z"}}, {"model": "totem.useraction", "pk": 697, "fields": {"session_id": "po54z5n9b4bhheew0n1dbr0sr0m36he9", "content_id": -1, "information_id": -1, "mapzone_id": -1, "created_at": "2020-01-27T14:34:41.969Z", "updated_at": "2020-01-27T14:34:41.969Z"}}, {"model": "totem.useraction", "pk": 698, "fields": {"session_id": "po54z5n9b4bhheew0n1dbr0sr0m36he9", "content_id": 1, "information_id": -1, "mapzone_id": -1, "created_at": "2020-01-27T14:34:43.109Z", "updated_at": "2020-01-27T14:34:43.109Z"}}, {"model": "totem.useraction", "pk": 699, "fields": {"session_id": "po54z5n9b4bhheew0n1dbr0sr0m36he9", "content_id": 2, "information_id": -1, "mapzone_id": -1, "created_at": "2020-01-27T14:34:52.895Z", "updated_at": "2020-01-27T14:34:52.895Z"}}, {"model": "totem.useraction", "pk": 700, "fields": {"session_id": null, "content_id": -1, "information_id": -1, "mapzone_id": -1, "created_at": "2020-01-27T14:35:02.678Z", "updated_at": "2020-01-27T14:35:02.678Z"}}, {"model": "totem.useraction", "pk": 701, "fields": {"session_id": "po54z5n9b4bhheew0n1dbr0sr0m36he9", "content_id": -1, "information_id": -1, "mapzone_id": -1, "created_at": "2020-01-27T14:35:51.188Z", "updated_at": "2020-01-27T14:35:51.188Z"}}, {"model": "totem.useraction", "pk": 702, "fields": {"session_id": "po54z5n9b4bhheew0n1dbr0sr0m36he9", "content_id": -1, "information_id": -1, "mapzone_id": -1, "created_at": "2020-01-27T14:43:07.446Z", "updated_at": "2020-01-27T14:43:07.446Z"}}, {"model": "totem.useraction", "pk": 703, "fields": {"session_id": "po54z5n9b4bhheew0n1dbr0sr0m36he9", "content_id": 1, "information_id": -1, "mapzone_id": -1, "created_at": "2020-01-27T14:43:09.728Z", "updated_at": "2020-01-27T14:43:09.728Z"}}, {"model": "totem.useraction", "pk": 704, "fields": {"session_id": "po54z5n9b4bhheew0n1dbr0sr0m36he9", "content_id": -1, "information_id": -1, "mapzone_id": -1, "created_at": "2020-01-27T15:13:49.024Z", "updated_at": "2020-01-27T15:13:49.024Z"}}, {"model": "totem.useraction", "pk": 705, "fields": {"session_id": "po54z5n9b4bhheew0n1dbr0sr0m36he9", "content_id": -1, "information_id": -1, "mapzone_id": -1, "created_at": "2020-01-27T15:19:48.845Z", "updated_at": "2020-01-27T15:19:48.845Z"}}, {"model": "totem.useraction", "pk": 706, "fields": {"session_id": "po54z5n9b4bhheew0n1dbr0sr0m36he9", "content_id": 1, "information_id": -1, "mapzone_id": -1, "created_at": "2020-01-27T15:19:49.521Z", "updated_at": "2020-01-27T15:19:49.521Z"}}, {"model": "totem.useraction", "pk": 707, "fields": {"session_id": "po54z5n9b4bhheew0n1dbr0sr0m36he9", "content_id": -1, "information_id": -1, "mapzone_id": -1, "created_at": "2020-01-27T15:21:18.993Z", "updated_at": "2020-01-27T15:21:18.994Z"}}, {"model": "totem.useraction", "pk": 708, "fields": {"session_id": "po54z5n9b4bhheew0n1dbr0sr0m36he9", "content_id": 1, "information_id": -1, "mapzone_id": -1, "created_at": "2020-01-27T15:21:20.015Z", "updated_at": "2020-01-27T15:21:20.015Z"}}, {"model": "totem.useraction", "pk": 709, "fields": {"session_id": "po54z5n9b4bhheew0n1dbr0sr0m36he9", "content_id": 1, "information_id": -1, "mapzone_id": -1, "created_at": "2020-01-27T15:22:00.875Z", "updated_at": "2020-01-27T15:22:00.875Z"}}, {"model": "totem.useraction", "pk": 710, "fields": {"session_id": "po54z5n9b4bhheew0n1dbr0sr0m36he9", "content_id": 32, "information_id": -1, "mapzone_id": -1, "created_at": "2020-01-27T15:22:06.925Z", "updated_at": "2020-01-27T15:22:06.925Z"}}, {"model": "totem.useraction", "pk": 711, "fields": {"session_id": "po54z5n9b4bhheew0n1dbr0sr0m36he9", "content_id": 35, "information_id": -1, "mapzone_id": -1, "created_at": "2020-01-27T15:22:11.651Z", "updated_at": "2020-01-27T15:22:11.651Z"}}, {"model": "totem.useraction", "pk": 712, "fields": {"session_id": "po54z5n9b4bhheew0n1dbr0sr0m36he9", "content_id": 1, "information_id": -1, "mapzone_id": -1, "created_at": "2020-01-27T15:22:15.654Z", "updated_at": "2020-01-27T15:22:15.654Z"}}, {"model": "totem.useraction", "pk": 713, "fields": {"session_id": "po54z5n9b4bhheew0n1dbr0sr0m36he9", "content_id": 25, "information_id": -1, "mapzone_id": -1, "created_at": "2020-01-27T15:22:21.089Z", "updated_at": "2020-01-27T15:22:21.089Z"}}, {"model": "totem.useraction", "pk": 714, "fields": {"session_id": "po54z5n9b4bhheew0n1dbr0sr0m36he9", "content_id": 30, "information_id": -1, "mapzone_id": -1, "created_at": "2020-01-27T15:22:27.088Z", "updated_at": "2020-01-27T15:22:27.088Z"}}, {"model": "totem.useraction", "pk": 715, "fields": {"session_id": "po54z5n9b4bhheew0n1dbr0sr0m36he9", "content_id": -1, "information_id": -1, "mapzone_id": -1, "created_at": "2020-01-27T15:23:27.073Z", "updated_at": "2020-01-27T15:23:27.073Z"}}, {"model": "totem.useraction", "pk": 716, "fields": {"session_id": "po54z5n9b4bhheew0n1dbr0sr0m36he9", "content_id": 1, "information_id": -1, "mapzone_id": -1, "created_at": "2020-01-27T15:23:28.466Z", "updated_at": "2020-01-27T15:23:28.466Z"}}, {"model": "totem.useraction", "pk": 717, "fields": {"session_id": "po54z5n9b4bhheew0n1dbr0sr0m36he9", "content_id": 25, "information_id": -1, "mapzone_id": -1, "created_at": "2020-01-27T15:23:32.418Z", "updated_at": "2020-01-27T15:23:32.418Z"}}, {"model": "totem.useraction", "pk": 718, "fields": {"session_id": "po54z5n9b4bhheew0n1dbr0sr0m36he9", "content_id": -1, "information_id": -1, "mapzone_id": -1, "created_at": "2020-01-27T15:24:23.582Z", "updated_at": "2020-01-27T15:24:23.582Z"}}, {"model": "totem.useraction", "pk": 719, "fields": {"session_id": "po54z5n9b4bhheew0n1dbr0sr0m36he9", "content_id": 1, "information_id": -1, "mapzone_id": -1, "created_at": "2020-01-27T15:24:24.879Z", "updated_at": "2020-01-27T15:24:24.879Z"}}, {"model": "totem.useraction", "pk": 720, "fields": {"session_id": "po54z5n9b4bhheew0n1dbr0sr0m36he9", "content_id": 25, "information_id": -1, "mapzone_id": -1, "created_at": "2020-01-27T15:24:29.174Z", "updated_at": "2020-01-27T15:24:29.174Z"}}, {"model": "totem.useraction", "pk": 721, "fields": {"session_id": "po54z5n9b4bhheew0n1dbr0sr0m36he9", "content_id": -1, "information_id": -1, "mapzone_id": -1, "created_at": "2020-01-27T15:24:41.804Z", "updated_at": "2020-01-27T15:24:41.804Z"}}, {"model": "totem.useraction", "pk": 722, "fields": {"session_id": "po54z5n9b4bhheew0n1dbr0sr0m36he9", "content_id": 1, "information_id": -1, "mapzone_id": -1, "created_at": "2020-01-27T15:24:42.394Z", "updated_at": "2020-01-27T15:24:42.394Z"}}, {"model": "totem.useraction", "pk": 723, "fields": {"session_id": "po54z5n9b4bhheew0n1dbr0sr0m36he9", "content_id": -1, "information_id": -1, "mapzone_id": -1, "created_at": "2020-01-27T15:24:54.842Z", "updated_at": "2020-01-27T15:24:54.842Z"}}, {"model": "totem.useraction", "pk": 724, "fields": {"session_id": "po54z5n9b4bhheew0n1dbr0sr0m36he9", "content_id": 1, "information_id": -1, "mapzone_id": -1, "created_at": "2020-01-27T15:24:55.998Z", "updated_at": "2020-01-27T15:24:55.998Z"}}, {"model": "totem.useraction", "pk": 725, "fields": {"session_id": "po54z5n9b4bhheew0n1dbr0sr0m36he9", "content_id": 25, "information_id": -1, "mapzone_id": -1, "created_at": "2020-01-27T15:25:01.309Z", "updated_at": "2020-01-27T15:25:01.309Z"}}, {"model": "totem.useraction", "pk": 726, "fields": {"session_id": "po54z5n9b4bhheew0n1dbr0sr0m36he9", "content_id": 35, "information_id": -1, "mapzone_id": -1, "created_at": "2020-01-27T15:25:05.230Z", "updated_at": "2020-01-27T15:25:05.230Z"}}, {"model": "totem.useraction", "pk": 727, "fields": {"session_id": "po54z5n9b4bhheew0n1dbr0sr0m36he9", "content_id": 42, "information_id": -1, "mapzone_id": -1, "created_at": "2020-01-27T15:25:09.010Z", "updated_at": "2020-01-27T15:25:09.010Z"}}, {"model": "totem.useraction", "pk": 728, "fields": {"session_id": "po54z5n9b4bhheew0n1dbr0sr0m36he9", "content_id": 47, "information_id": -1, "mapzone_id": -1, "created_at": "2020-01-27T15:25:13.018Z", "updated_at": "2020-01-27T15:25:13.018Z"}}, {"model": "totem.useraction", "pk": 729, "fields": {"session_id": "po54z5n9b4bhheew0n1dbr0sr0m36he9", "content_id": -1, "information_id": -1, "mapzone_id": -1, "created_at": "2020-01-27T15:25:54.124Z", "updated_at": "2020-01-27T15:25:54.124Z"}}, {"model": "totem.useraction", "pk": 730, "fields": {"session_id": "po54z5n9b4bhheew0n1dbr0sr0m36he9", "content_id": 1, "information_id": -1, "mapzone_id": -1, "created_at": "2020-01-27T15:25:54.839Z", "updated_at": "2020-01-27T15:25:54.839Z"}}, {"model": "totem.useraction", "pk": 731, "fields": {"session_id": "po54z5n9b4bhheew0n1dbr0sr0m36he9", "content_id": -1, "information_id": -1, "mapzone_id": -1, "created_at": "2020-01-27T15:32:45.899Z", "updated_at": "2020-01-27T15:32:45.899Z"}}, {"model": "totem.useraction", "pk": 732, "fields": {"session_id": "po54z5n9b4bhheew0n1dbr0sr0m36he9", "content_id": 1, "information_id": -1, "mapzone_id": -1, "created_at": "2020-01-27T15:32:46.977Z", "updated_at": "2020-01-27T15:32:46.977Z"}}, {"model": "totem.useraction", "pk": 733, "fields": {"session_id": "po54z5n9b4bhheew0n1dbr0sr0m36he9", "content_id": -1, "information_id": -1, "mapzone_id": -1, "created_at": "2020-01-28T07:59:59.184Z", "updated_at": "2020-01-28T07:59:59.184Z"}}, {"model": "totem.useraction", "pk": 734, "fields": {"session_id": "po54z5n9b4bhheew0n1dbr0sr0m36he9", "content_id": 41, "information_id": -1, "mapzone_id": -1, "created_at": "2020-01-28T08:00:02.067Z", "updated_at": "2020-01-28T08:00:02.067Z"}}, {"model": "totem.useraction", "pk": 735, "fields": {"session_id": "po54z5n9b4bhheew0n1dbr0sr0m36he9", "content_id": 24, "information_id": -1, "mapzone_id": -1, "created_at": "2020-01-28T08:00:10.028Z", "updated_at": "2020-01-28T08:00:10.028Z"}}, {"model": "totem.useraction", "pk": 736, "fields": {"session_id": "po54z5n9b4bhheew0n1dbr0sr0m36he9", "content_id": 35, "information_id": -1, "mapzone_id": -1, "created_at": "2020-01-28T08:00:18.939Z", "updated_at": "2020-01-28T08:00:18.939Z"}}, {"model": "totem.useraction", "pk": 737, "fields": {"session_id": "po54z5n9b4bhheew0n1dbr0sr0m36he9", "content_id": 25, "information_id": -1, "mapzone_id": -1, "created_at": "2020-01-28T08:00:25.155Z", "updated_at": "2020-01-28T08:00:25.155Z"}}, {"model": "totem.useraction", "pk": 738, "fields": {"session_id": "po54z5n9b4bhheew0n1dbr0sr0m36he9", "content_id": -1, "information_id": -1, "mapzone_id": -1, "created_at": "2020-01-28T08:01:33.086Z", "updated_at": "2020-01-28T08:01:33.086Z"}}, {"model": "totem.useraction", "pk": 739, "fields": {"session_id": "po54z5n9b4bhheew0n1dbr0sr0m36he9", "content_id": 24, "information_id": -1, "mapzone_id": -1, "created_at": "2020-01-28T08:01:34.131Z", "updated_at": "2020-01-28T08:01:34.131Z"}}, {"model": "totem.useraction", "pk": 740, "fields": {"session_id": "po54z5n9b4bhheew0n1dbr0sr0m36he9", "content_id": 25, "information_id": -1, "mapzone_id": -1, "created_at": "2020-01-28T08:01:39.959Z", "updated_at": "2020-01-28T08:01:39.959Z"}}, {"model": "totem.useraction", "pk": 741, "fields": {"session_id": "po54z5n9b4bhheew0n1dbr0sr0m36he9", "content_id": 25, "information_id": -1, "mapzone_id": -1, "created_at": "2020-01-28T08:01:50.871Z", "updated_at": "2020-01-28T08:01:50.871Z"}}, {"model": "totem.useraction", "pk": 742, "fields": {"session_id": "po54z5n9b4bhheew0n1dbr0sr0m36he9", "content_id": 45, "information_id": -1, "mapzone_id": -1, "created_at": "2020-01-28T08:01:54.607Z", "updated_at": "2020-01-28T08:01:54.607Z"}}, {"model": "totem.useraction", "pk": 743, "fields": {"session_id": "po54z5n9b4bhheew0n1dbr0sr0m36he9", "content_id": 47, "information_id": -1, "mapzone_id": -1, "created_at": "2020-01-28T08:01:58.113Z", "updated_at": "2020-01-28T08:01:58.113Z"}}, {"model": "totem.useraction", "pk": 744, "fields": {"session_id": "po54z5n9b4bhheew0n1dbr0sr0m36he9", "content_id": 38, "information_id": -1, "mapzone_id": -1, "created_at": "2020-01-28T08:02:06.239Z", "updated_at": "2020-01-28T08:02:06.239Z"}}, {"model": "totem.useraction", "pk": 745, "fields": {"session_id": "po54z5n9b4bhheew0n1dbr0sr0m36he9", "content_id": 39, "information_id": -1, "mapzone_id": -1, "created_at": "2020-01-28T08:02:08.919Z", "updated_at": "2020-01-28T08:02:08.919Z"}}, {"model": "totem.useraction", "pk": 746, "fields": {"session_id": "po54z5n9b4bhheew0n1dbr0sr0m36he9", "content_id": 35, "information_id": -1, "mapzone_id": -1, "created_at": "2020-01-28T08:02:11.163Z", "updated_at": "2020-01-28T08:02:11.163Z"}}, {"model": "totem.useraction", "pk": 747, "fields": {"session_id": "po54z5n9b4bhheew0n1dbr0sr0m36he9", "content_id": 43, "information_id": -1, "mapzone_id": -1, "created_at": "2020-01-28T08:02:13.944Z", "updated_at": "2020-01-28T08:02:13.944Z"}}, {"model": "totem.useraction", "pk": 748, "fields": {"session_id": "po54z5n9b4bhheew0n1dbr0sr0m36he9", "content_id": 2, "information_id": -1, "mapzone_id": -1, "created_at": "2020-01-28T08:02:27.523Z", "updated_at": "2020-01-28T08:02:27.523Z"}}, {"model": "totem.useraction", "pk": 749, "fields": {"session_id": "po54z5n9b4bhheew0n1dbr0sr0m36he9", "content_id": 25, "information_id": -1, "mapzone_id": -1, "created_at": "2020-01-28T08:02:40.875Z", "updated_at": "2020-01-28T08:02:40.875Z"}}, {"model": "totem.useraction", "pk": 750, "fields": {"session_id": "po54z5n9b4bhheew0n1dbr0sr0m36he9", "content_id": 30, "information_id": -1, "mapzone_id": -1, "created_at": "2020-01-28T08:02:43.689Z", "updated_at": "2020-01-28T08:02:43.689Z"}}, {"model": "totem.useraction", "pk": 751, "fields": {"session_id": "po54z5n9b4bhheew0n1dbr0sr0m36he9", "content_id": 32, "information_id": -1, "mapzone_id": -1, "created_at": "2020-01-28T08:02:46.374Z", "updated_at": "2020-01-28T08:02:46.374Z"}}, {"model": "totem.useraction", "pk": 752, "fields": {"session_id": "po54z5n9b4bhheew0n1dbr0sr0m36he9", "content_id": 24, "information_id": -1, "mapzone_id": -1, "created_at": "2020-01-28T08:03:29.389Z", "updated_at": "2020-01-28T08:03:29.389Z"}}, {"model": "totem.useraction", "pk": 753, "fields": {"session_id": "po54z5n9b4bhheew0n1dbr0sr0m36he9", "content_id": 30, "information_id": -1, "mapzone_id": -1, "created_at": "2020-01-28T08:03:32.074Z", "updated_at": "2020-01-28T08:03:32.074Z"}}, {"model": "totem.useraction", "pk": 754, "fields": {"session_id": "po54z5n9b4bhheew0n1dbr0sr0m36he9", "content_id": 38, "information_id": -1, "mapzone_id": -1, "created_at": "2020-01-28T08:03:34.633Z", "updated_at": "2020-01-28T08:03:34.633Z"}}, {"model": "totem.useraction", "pk": 755, "fields": {"session_id": "po54z5n9b4bhheew0n1dbr0sr0m36he9", "content_id": -1, "information_id": -1, "mapzone_id": -1, "created_at": "2020-01-28T08:05:38.098Z", "updated_at": "2020-01-28T08:05:38.098Z"}}, {"model": "totem.useraction", "pk": 756, "fields": {"session_id": "po54z5n9b4bhheew0n1dbr0sr0m36he9", "content_id": 35, "information_id": -1, "mapzone_id": -1, "created_at": "2020-01-28T08:05:50.136Z", "updated_at": "2020-01-28T08:05:50.136Z"}}, {"model": "totem.useraction", "pk": 757, "fields": {"session_id": "po54z5n9b4bhheew0n1dbr0sr0m36he9", "content_id": 35, "information_id": -1, "mapzone_id": -1, "created_at": "2020-01-28T08:06:37.019Z", "updated_at": "2020-01-28T08:06:37.019Z"}}, {"model": "totem.useraction", "pk": 758, "fields": {"session_id": "po54z5n9b4bhheew0n1dbr0sr0m36he9", "content_id": 45, "information_id": -1, "mapzone_id": -1, "created_at": "2020-01-28T08:06:39.347Z", "updated_at": "2020-01-28T08:06:39.347Z"}}, {"model": "auth.user", "pk": 1, "fields": {"password": "pbkdf2_sha256$180000$41wnjvWC0hA8$AXoXL+Dcz28YYy9mtc2cVjMU1c9aL54LFaXUbAM8skw=", "last_login": "2020-01-22T11:12:02.701Z", "is_superuser": true, "username": "arbi", "first_name": "", "last_name": "", "email": "", "is_staff": true, "is_active": true, "date_joined": "2020-01-21T14:31:19.225Z", "groups": [], "user_permissions": []}}, {"model": "sessions.session", "pk": "6snxx2py4oqa3t4u8bnf5v1tgx5380vd", "fields": {"session_data": "ZTRkMTAyODlmNmZiMGM5MjI5YjgzN2Y2YmQ5N2M1YmJkZjA3MTE5NTp7Il9hdXRoX3VzZXJfaWQiOiIxIiwiX2F1dGhfdXNlcl9iYWNrZW5kIjoiZGphbmdvLmNvbnRyaWIuYXV0aC5iYWNrZW5kcy5Nb2RlbEJhY2tlbmQiLCJfYXV0aF91c2VyX2hhc2giOiIwMDAwOTc0ZDI4ZTUzM2U5Y2EwMWI2ZTg3NjA0ZTY5ZWEzYjc1MTA2In0=", "expire_date": "2020-02-05T10:50:15.075Z"}}, {"model": "sessions.session", "pk": "72rk3oap3jsrdu2yvao5wfs035z7w4ab", "fields": {"session_data": "MWY5ZGJjYWE1OTc4OTBlNjdmNDIxNmY0ZjUzNDdlMTg2ODNmODViNDp7Il9hdXRoX3VzZXJfaWQiOiIxIiwiX2F1dGhfdXNlcl9iYWNrZW5kIjoiZGphbmdvLmNvbnRyaWIuYXV0aC5iYWNrZW5kcy5Nb2RlbEJhY2tlbmQiLCJfYXV0aF91c2VyX2hhc2giOiIxMDExYzAyYzgwOGQzYzdhYjFmYjg2YjA4YjlmMjQ0MDA2NTkyZjU2In0=", "expire_date": "2020-02-09T19:22:36.665Z"}}, {"model": "sessions.session", "pk": "hozccq5i4o0nun9skbqv1851pwb2vwyn", "fields": {"session_data": "MWY5ZGJjYWE1OTc4OTBlNjdmNDIxNmY0ZjUzNDdlMTg2ODNmODViNDp7Il9hdXRoX3VzZXJfaWQiOiIxIiwiX2F1dGhfdXNlcl9iYWNrZW5kIjoiZGphbmdvLmNvbnRyaWIuYXV0aC5iYWNrZW5kcy5Nb2RlbEJhY2tlbmQiLCJfYXV0aF91c2VyX2hhc2giOiIxMDExYzAyYzgwOGQzYzdhYjFmYjg2YjA4YjlmMjQ0MDA2NTkyZjU2In0=", "expire_date": "2020-02-06T08:12:19.708Z"}}, {"model": "sessions.session", "pk": "l1ih9k7r8fuhap583zeoxwikompste3a", "fields": {"session_data": "MWY5ZGJjYWE1OTc4OTBlNjdmNDIxNmY0ZjUzNDdlMTg2ODNmODViNDp7Il9hdXRoX3VzZXJfaWQiOiIxIiwiX2F1dGhfdXNlcl9iYWNrZW5kIjoiZGphbmdvLmNvbnRyaWIuYXV0aC5iYWNrZW5kcy5Nb2RlbEJhY2tlbmQiLCJfYXV0aF91c2VyX2hhc2giOiIxMDExYzAyYzgwOGQzYzdhYjFmYjg2YjA4YjlmMjQ0MDA2NTkyZjU2In0=", "expire_date": "2020-02-09T19:00:16.845Z"}}, {"model": "sessions.session", "pk": "ldfncto3fslvx79rrgnrb56x8ha8qpq0", "fields": {"session_data": "MWY5ZGJjYWE1OTc4OTBlNjdmNDIxNmY0ZjUzNDdlMTg2ODNmODViNDp7Il9hdXRoX3VzZXJfaWQiOiIxIiwiX2F1dGhfdXNlcl9iYWNrZW5kIjoiZGphbmdvLmNvbnRyaWIuYXV0aC5iYWNrZW5kcy5Nb2RlbEJhY2tlbmQiLCJfYXV0aF91c2VyX2hhc2giOiIxMDExYzAyYzgwOGQzYzdhYjFmYjg2YjA4YjlmMjQ0MDA2NTkyZjU2In0=", "expire_date": "2020-02-06T21:44:33.443Z"}}, {"model": "sessions.session", "pk": "nfow8zjq373oqgtopvhbz6xbh5o1ow55", "fields": {"session_data": "MWY5ZGJjYWE1OTc4OTBlNjdmNDIxNmY0ZjUzNDdlMTg2ODNmODViNDp7Il9hdXRoX3VzZXJfaWQiOiIxIiwiX2F1dGhfdXNlcl9iYWNrZW5kIjoiZGphbmdvLmNvbnRyaWIuYXV0aC5iYWNrZW5kcy5Nb2RlbEJhY2tlbmQiLCJfYXV0aF91c2VyX2hhc2giOiIxMDExYzAyYzgwOGQzYzdhYjFmYjg2YjA4YjlmMjQ0MDA2NTkyZjU2In0=", "expire_date": "2020-02-06T15:30:50.876Z"}}, {"model": "sessions.session", "pk": "po54z5n9b4bhheew0n1dbr0sr0m36he9", "fields": {"session_data": "ZTRkMTAyODlmNmZiMGM5MjI5YjgzN2Y2YmQ5N2M1YmJkZjA3MTE5NTp7Il9hdXRoX3VzZXJfaWQiOiIxIiwiX2F1dGhfdXNlcl9iYWNrZW5kIjoiZGphbmdvLmNvbnRyaWIuYXV0aC5iYWNrZW5kcy5Nb2RlbEJhY2tlbmQiLCJfYXV0aF91c2VyX2hhc2giOiIwMDAwOTc0ZDI4ZTUzM2U5Y2EwMWI2ZTg3NjA0ZTY5ZWEzYjc1MTA2In0=", "expire_date": "2020-02-05T11:12:02.703Z"}}, {"model": "sessions.session", "pk": "wh4pxcm87jixkfscoerzxqr8lcm5dbhr", "fields": {"session_data": "NGJkZTNjMmYzNDAyYjlmMDgwNjdiMzM2NDQxOWJlN2M4MDBjYmM5Yzp7fQ==", "expire_date": "2020-02-06T12:21:08.180Z"}}, {"model": "admin.logentry", "pk": 1, "fields": {"action_time": "2020-01-22T11:15:13.097Z", "user": 1, "content_type": 4, "object_id": "1", "object_repr": "<p>ACCOGLIENZA INFORMAZIONI</p>", "action_flag": 1, "change_message": "[{\"added\": {}}]"}}, {"model": "admin.logentry", "pk": 2, "fields": {"action_time": "2020-01-22T11:15:28.207Z", "user": 1, "content_type": 4, "object_id": "2", "object_repr": "<p>COLLOQUI INDIVIDUALI</p>", "action_flag": 1, "change_message": "[{\"added\": {}}]"}}, {"model": "admin.logentry", "pk": 3, "fields": {"action_time": "2020-01-22T11:15:44.506Z", "user": 1, "content_type": 4, "object_id": "3", "object_repr": "<p>LABORATORI DI GRUPPO</p>", "action_flag": 1, "change_message": "[{\"added\": {}}]"}}, {"model": "admin.logentry", "pk": 4, "fields": {"action_time": "2020-01-22T11:16:03.877Z", "user": 1, "content_type": 4, "object_id": "4", "object_repr": "<p>SERVIZIO INCONTRO DOMANDA OFFERTA</p>", "action_flag": 1, "change_message": "[{\"added\": {}}]"}}, {"model": "admin.logentry", "pk": 5, "fields": {"action_time": "2020-01-22T11:16:17.351Z", "user": 1, "content_type": 4, "object_id": "5", "object_repr": "<p>ATTIVAZIONE TIROCINI</p>", "action_flag": 1, "change_message": "[{\"added\": {}}]"}}, {"model": "admin.logentry", "pk": 6, "fields": {"action_time": "2020-01-22T14:39:59.270Z", "user": 1, "content_type": 5, "object_id": "1", "object_repr": "<p>INFORMAZIONI \u200bDI BASE\u200b</p>", "action_flag": 1, "change_message": "[{\"added\": {}}]"}}, {"model": "admin.logentry", "pk": 7, "fields": {"action_time": "2020-01-26T15:09:18.183Z", "user": 1, "content_type": 5, "object_id": "2", "object_repr": "<p>PRENOTAZIONE APPUNTAMENTI</p>", "action_flag": 1, "change_message": "[{\"added\": {}}]"}}, {"model": "admin.logentry", "pk": 8, "fields": {"action_time": "2020-01-26T15:10:28.091Z", "user": 1, "content_type": 3, "object_id": "1", "object_repr": "MapZone 1 (<p>Accoglienza</p>) ", "action_flag": 1, "change_message": "[{\"added\": {}}]"}}, {"model": "admin.logentry", "pk": 9, "fields": {"action_time": "2020-01-26T15:11:50.475Z", "user": 1, "content_type": 3, "object_id": "2", "object_repr": "MapZone 2 (<p>Si. Con. Te</p>) ", "action_flag": 1, "change_message": "[{\"added\": {}}]"}}, {"model": "admin.logentry", "pk": 10, "fields": {"action_time": "2020-01-26T15:11:50.569Z", "user": 1, "content_type": 3, "object_id": "3", "object_repr": "MapZone 3 (<p>Si. Con. Te</p>) ", "action_flag": 1, "change_message": "[{\"added\": {}}]"}}, {"model": "admin.logentry", "pk": 11, "fields": {"action_time": "2020-01-26T15:12:24.437Z", "user": 1, "content_type": 3, "object_id": "4", "object_repr": "MapZone 4 (<p>Elimina Code</p>) ", "action_flag": 1, "change_message": "[{\"added\": {}}]"}}, {"model": "admin.logentry", "pk": 12, "fields": {"action_time": "2020-01-26T15:12:55.375Z", "user": 1, "content_type": 3, "object_id": "5", "object_repr": "MapZone 5 (<p>Postazione PC</p>) ", "action_flag": 1, "change_message": "[{\"added\": {}}]"}}, {"model": "admin.logentry", "pk": 13, "fields": {"action_time": "2020-01-26T15:14:46.844Z", "user": 1, "content_type": 12, "object_id": "1", "object_repr": "Informations object (1)", "action_flag": 1, "change_message": "[{\"added\": {}}]"}}, {"model": "admin.logentry", "pk": 41, "fields": {"action_time": "2020-01-27T14:45:06.607Z", "user": 1, "content_type": 12, "object_id": "7", "object_repr": "Info 7 (<p>ACCOGLIENZA INFORMAZIONI</p>) ", "action_flag": 1, "change_message": "[{\"added\": {}}]"}}, {"model": "admin.logentry", "pk": 42, "fields": {"action_time": "2020-01-27T14:48:52.033Z", "user": 1, "content_type": 3, "object_id": "3", "object_repr": "MapZone 3 (B) ", "action_flag": 3, "change_message": ""}}, {"model": "admin.logentry", "pk": 43, "fields": {"action_time": "2020-01-27T14:49:27.973Z", "user": 1, "content_type": 3, "object_id": "12", "object_repr": "MapZone 12 (C) ", "action_flag": 1, "change_message": "[{\"added\": {}}]"}}, {"model": "admin.logentry", "pk": 44, "fields": {"action_time": "2020-01-27T14:51:04.800Z", "user": 1, "content_type": 3, "object_id": "13", "object_repr": "MapZone 13 (D) ", "action_flag": 1, "change_message": "[{\"added\": {}}]"}}, {"model": "admin.logentry", "pk": 45, "fields": {"action_time": "2020-01-27T14:51:19.250Z", "user": 1, "content_type": 3, "object_id": "14", "object_repr": "MapZone 14 (E) ", "action_flag": 1, "change_message": "[{\"added\": {}}]"}}, {"model": "admin.logentry", "pk": 46, "fields": {"action_time": "2020-01-27T14:51:41.471Z", "user": 1, "content_type": 3, "object_id": "15", "object_repr": "MapZone 15 (F) ", "action_flag": 1, "change_message": "[{\"added\": {}}]"}}, {"model": "admin.logentry", "pk": 47, "fields": {"action_time": "2020-01-27T14:51:56.246Z", "user": 1, "content_type": 3, "object_id": "16", "object_repr": "MapZone 16 (G) ", "action_flag": 1, "change_message": "[{\"added\": {}}]"}}, {"model": "admin.logentry", "pk": 48, "fields": {"action_time": "2020-01-27T14:52:09.128Z", "user": 1, "content_type": 3, "object_id": "17", "object_repr": "MapZone 17 (SR) ", "action_flag": 1, "change_message": "[{\"added\": {}}]"}}, {"model": "admin.logentry", "pk": 49, "fields": {"action_time": "2020-01-27T14:52:30.201Z", "user": 1, "content_type": 3, "object_id": "18", "object_repr": "MapZone 18 (H) ", "action_flag": 1, "change_message": "[{\"added\": {}}]"}}, {"model": "admin.logentry", "pk": 50, "fields": {"action_time": "2020-01-27T14:54:23.964Z", "user": 1, "content_type": 5, "object_id": "24", "object_repr": "<p>Rilascio Certificati</p>", "action_flag": 1, "change_message": "[{\"added\": {}}]"}}, {"model": "admin.logentry", "pk": 51, "fields": {"action_time": "2020-01-27T14:55:20.243Z", "user": 1, "content_type": 5, "object_id": "25", "object_repr": "<div>\r\n<p style=\"margin-left:0px\"><span style=\"color:#000000\">DEMPIMENTI PER</span>\u200b</p>\r\n</div>\r\n\r\n<div>\r\n<p style=\"margin-left:0px\"><span style=\"color:#000000\">PROGETTI SPECIALI</span>\u200b</p>\r\n</div>\r", "action_flag": 1, "change_message": "[{\"added\": {}}]"}}, {"model": "admin.logentry", "pk": 52, "fields": {"action_time": "2020-01-27T14:55:52.235Z", "user": 1, "content_type": 5, "object_id": "26", "object_repr": "<p><em>CANTIERI DI LAVORO</em></p>", "action_flag": 1, "change_message": "[{\"added\": {}}]"}}, {"model": "admin.logentry", "pk": 53, "fields": {"action_time": "2020-01-27T14:56:28.497Z", "user": 1, "content_type": 5, "object_id": "25", "object_repr": "<p>Adempimenti per progetti speciali avviamento a selezione p.a.</p>", "action_flag": 2, "change_message": "[{\"changed\": {\"fields\": [\"Title\"]}}]"}}, {"model": "admin.logentry", "pk": 54, "fields": {"action_time": "2020-01-27T14:57:24.867Z", "user": 1, "content_type": 5, "object_id": "27", "object_repr": "<p>Lavori di pubblica utilit&agrave;</p>", "action_flag": 1, "change_message": "[{\"added\": {}}]"}}, {"model": "admin.logentry", "pk": 55, "fields": {"action_time": "2020-01-27T14:57:59.069Z", "user": 1, "content_type": 5, "object_id": "28", "object_repr": "<p><em>LAVORI SOCIALMENTE UTILI</em></p>", "action_flag": 1, "change_message": "[{\"added\": {}}]"}}, {"model": "admin.logentry", "pk": 56, "fields": {"action_time": "2020-01-27T14:58:30.281Z", "user": 1, "content_type": 5, "object_id": "29", "object_repr": "<p>AVVIAMENTO A SELEZIONE NELLA \u200bPUBBLICA AMMINISTRAZIONE\u200b</p>", "action_flag": 1, "change_message": "[{\"added\": {}}]"}}, {"model": "admin.logentry", "pk": 57, "fields": {"action_time": "2020-01-27T14:59:09.152Z", "user": 1, "content_type": 5, "object_id": "30", "object_repr": "<p>Ritiro Autocandidature</p>", "action_flag": 1, "change_message": "[{\"added\": {}}]"}}, {"model": "admin.logentry", "pk": 58, "fields": {"action_time": "2020-01-27T14:59:40.333Z", "user": 1, "content_type": 5, "object_id": "31", "object_repr": "<p>Assistenza Informatica</p>", "action_flag": 1, "change_message": "[{\"added\": {}}]"}}, {"model": "admin.logentry", "pk": 59, "fields": {"action_time": "2020-01-27T15:00:52.958Z", "user": 1, "content_type": 5, "object_id": "32", "object_repr": "<p>Colloquio di base</p>", "action_flag": 1, "change_message": "[{\"added\": {}}]"}}, {"model": "admin.logentry", "pk": 60, "fields": {"action_time": "2020-01-27T15:02:13.586Z", "user": 1, "content_type": 5, "object_id": "33", "object_repr": "<p>Patto di servizio personalizzato</p>", "action_flag": 1, "change_message": "[{\"added\": {}}]"}}, {"model": "admin.logentry", "pk": 61, "fields": {"action_time": "2020-01-27T15:02:51.208Z", "user": 1, "content_type": 5, "object_id": "34", "object_repr": "<p>Piano di azione individuale</p>", "action_flag": 1, "change_message": "[{\"added\": {}}]"}}, {"model": "admin.logentry", "pk": 62, "fields": {"action_time": "2020-01-27T15:03:40.313Z", "user": 1, "content_type": 5, "object_id": "35", "object_repr": "<p>Colloquio specialistico di inserimento cv</p>", "action_flag": 1, "change_message": "[{\"added\": {}}]"}}, {"model": "admin.logentry", "pk": 63, "fields": {"action_time": "2020-01-27T15:04:17.501Z", "user": 1, "content_type": 5, "object_id": "36", "object_repr": "<p>Aggiornamento piano di azione idividuale e cv</p>", "action_flag": 1, "change_message": "[{\"added\": {}}]"}}, {"model": "admin.logentry", "pk": 64, "fields": {"action_time": "2020-01-27T15:04:54.430Z", "user": 1, "content_type": 5, "object_id": "37", "object_repr": "<p>Laboratorio di base</p>", "action_flag": 1, "change_message": "[{\"added\": {}}]"}}, {"model": "admin.logentry", "pk": 65, "fields": {"action_time": "2020-01-27T15:05:30.361Z", "user": 1, "content_type": 5, "object_id": "38", "object_repr": "<p>Laboratorio Specialistico</p>", "action_flag": 1, "change_message": "[{\"added\": {}}]"}}, {"model": "admin.logentry", "pk": 66, "fields": {"action_time": "2020-01-27T15:07:51.261Z", "user": 1, "content_type": 5, "object_id": "39", "object_repr": "<p>Percorsi di orientamento</p>", "action_flag": 1, "change_message": "[{\"added\": {}}]"}}, {"model": "admin.logentry", "pk": 67, "fields": {"action_time": "2020-01-27T15:08:25.872Z", "user": 1, "content_type": 5, "object_id": "40", "object_repr": "<p>Raccolta Candidature</p>", "action_flag": 1, "change_message": "[{\"added\": {}}]"}}, {"model": "admin.logentry", "pk": 68, "fields": {"action_time": "2020-01-27T15:08:46.620Z", "user": 1, "content_type": 5, "object_id": "40", "object_repr": "<p>Raccolta Candidature</p>", "action_flag": 2, "change_message": "[{\"changed\": {\"fields\": [\"Text\"]}}]"}}, {"model": "admin.logentry", "pk": 69, "fields": {"action_time": "2020-01-27T15:09:22.300Z", "user": 1, "content_type": 5, "object_id": "41", "object_repr": "<p>Preselezione candidati</p>", "action_flag": 1, "change_message": "[{\"added\": {}}]"}}, {"model": "admin.logentry", "pk": 70, "fields": {"action_time": "2020-01-27T15:09:48.982Z", "user": 1, "content_type": 5, "object_id": "42", "object_repr": "<p>Selezione Candidati</p>", "action_flag": 1, "change_message": "[{\"added\": {}}]"}}, {"model": "admin.logentry", "pk": 71, "fields": {"action_time": "2020-01-27T15:10:24.499Z", "user": 1, "content_type": 5, "object_id": "43", "object_repr": "<p>Recruiting Day</p>", "action_flag": 1, "change_message": "[{\"added\": {}}]"}}, {"model": "admin.logentry", "pk": 72, "fields": {"action_time": "2020-01-27T15:10:57.841Z", "user": 1, "content_type": 5, "object_id": "44", "object_repr": "<p>Organizzazione Corsi di Formazione</p>", "action_flag": 1, "change_message": "[{\"added\": {}}]"}}, {"model": "admin.logentry", "pk": 73, "fields": {"action_time": "2020-01-27T15:11:30.200Z", "user": 1, "content_type": 5, "object_id": "45", "object_repr": "<p>Tirocini Pipol</p>", "action_flag": 1, "change_message": "[{\"added\": {}}]"}}, {"model": "admin.logentry", "pk": 74, "fields": {"action_time": "2020-01-27T15:12:25.048Z", "user": 1, "content_type": 5, "object_id": "46", "object_repr": "<p>Tirocini Pipol</p>", "action_flag": 1, "change_message": "[{\"added\": {}}]"}}, {"model": "admin.logentry", "pk": 75, "fields": {"action_time": "2020-01-27T15:13:05.477Z", "user": 1, "content_type": 5, "object_id": "47", "object_repr": "<p>Tirocini Extracurriculari</p>", "action_flag": 1, "change_message": "[{\"added\": {}}]"}}, {"model": "admin.logentry", "pk": 76, "fields": {"action_time": "2020-01-27T15:13:37.859Z", "user": 1, "content_type": 5, "object_id": "48", "object_repr": "<p>Tirocini Extracurricolari</p>", "action_flag": 1, "change_message": "[{\"added\": {}}]"}}, {"model": "admin.logentry", "pk": 77, "fields": {"action_time": "2020-01-27T15:16:01.849Z", "user": 1, "content_type": 12, "object_id": "8", "object_repr": "Info 8 (<p>COLLOQUI INDIVIDUALI</p>) ", "action_flag": 1, "change_message": "[{\"added\": {}}]"}}, {"model": "admin.logentry", "pk": 78, "fields": {"action_time": "2020-01-27T15:17:20.342Z", "user": 1, "content_type": 12, "object_id": "9", "object_repr": "Info 9 (<p>LABORATORI DI GRUPPO</p>) ", "action_flag": 1, "change_message": "[{\"added\": {}}]"}}, {"model": "admin.logentry", "pk": 79, "fields": {"action_time": "2020-01-27T15:18:30.592Z", "user": 1, "content_type": 12, "object_id": "10", "object_repr": "Info 10 (<p>SERVIZIO INCONTRO DOMANDA OFFERTA</p>) ", "action_flag": 1, "change_message": "[{\"added\": {}}]"}}, {"model": "admin.logentry", "pk": 80, "fields": {"action_time": "2020-01-27T15:19:45.084Z", "user": 1, "content_type": 12, "object_id": "11", "object_repr": "Info 11 (<p>ATTIVAZIONE TIROCINI</p>) ", "action_flag": 1, "change_message": "[{\"added\": {}}]"}}]